{
  "project_info": {
    "project_number": "498656335705",
    "firebase_url": "https://oldbooks-3495a.firebaseio.com",
    "project_id": "oldbooks-3495a",
    "storage_bucket": "oldbooks-3495a.appspot.com"
  },
  "client": [
    {
      "client_info": {
        "mobilesdk_app_id": "1:498656335705:android:a40927f24b6cca3b6a1e48",
        "android_client_info": {
          "package_name": "com.app.oldbook"
        }
      },
      "oauth_client": [
        {
          "client_id": "498656335705-9gobem1d1ntpk58mu516ttjcd2mjdvko.apps.googleusercontent.com",
          "client_type": 1,
          "android_info": {
            "package_name": "com.app.oldbook",
            "certificate_hash": "8d166a564deec4bb7f4c9a88e70c7578c62712a2"
          }
        },
        {
          "client_id": "498656335705-u0ilaakjnng6u3ot14pgl14o0fqr4krj.apps.googleusercontent.com",
          "client_type": 3
        }
      ],
      "api_key": [
        {
          "current_key": "AIzaSyAfusWl2WYftFgozSjSf0yzOGtBrLyyohM"
        }
      ],
      "services": {
        "appinvite_service": {
          "other_platform_oauth_client": [
            {
              "client_id": "498656335705-u0ilaakjnng6u3ot14pgl14o0fqr4krj.apps.googleusercontent.com",
              "client_type": 3
            }
          ]
        }
      }
    }
  ],
  "configuration_version": "1"
}